Name,Date,Model,Data,Features,Time Scale,Seq Len,Pred Len,Batch Size,LR,Hidden Dim,Layers,Train Loss,Validation loss
LSTM_New_IP_11F_timeF_Unscaled_240Seq_30Pred_0Label_128Batch_1e-06LR_80Hidden_1LayerDim,2023-06-29 11:51:51.491004,LSTM,New_IP,11,Unscaled,240,30,128,1e-06,80,1,0.052013950571417805,0.04195085892246829
LSTM_New_IP_11F_timeF_Unscaled_240Seq_30Pred_0Label_128Batch_1e-06LR_80Hidden_1LayerDim,2023-06-29 11:52:20.452201,LSTM,New_IP,11,Unscaled,240,30,128,1e-06,80,1,0.07889877468347549,0.06953820296459728
LSTM_New_IP_11F_timeF_Unscaled_240Seq_30Pred_0Label_128Batch_1e-06LR_80Hidden_1LayerDim,2023-06-29 11:53:16.618527,LSTM,New_IP,11,Unscaled,240,30,128,1e-06,80,1,0.052013950571417805,0.04195085892246829
LSTM_EncDec_New_IP_11F_timeF_Unscaled_240Seq_30Pred_0Label_128Batch_1e-06LR_80Hidden_1LayerDim,2023-06-29 11:58:01.976040,LSTM,New_IP,11,Unscaled,240,30,128,1e-06,80,1,0.07889877468347549,0.06953820296459728
LSTM_New_IP_11F_timeF_Unscaled_240Seq_0Label_128Batch_1e-06LR_80Hidden_1LayerDim,2023-08-31 14:08:52.618605,LSTM,New_IP,11,Unscaled,240,1,128,1e-06,80,1,0.3112820664048195,0.045996156935062676
LSTM_EncDec_New_IP_11F_timeF_Unscaled_240Seq_10Pred_0Label_128Batch_1e-06LR_80Hidden_1LayerDim_dilate,2023-08-31 19:48:20.201688,LSTM,New_IP,11,Unscaled,240,10,128,1e-06,80,1,0.2968651692569256,0.05673470927609338
LSTM_EncDec_New_IP_11F_timeF_Unscaled_240Seq_10Pred_0Label_128Batch_1e-06LR_80Hidden_1LayerDim_dilate,2023-08-31 20:40:55.157927,LSTM,New_IP,11,Unscaled,240,10,128,1e-06,80,1,0.2968651692569256,0.05673470927609338
LSTM_EncDec_New_IP_11F_timeF_Unscaled_240Seq_10Pred_0Label_128Batch_1e-06LR_80Hidden_1LayerDim_dilate,2023-08-31 20:47:17.047425,LSTM,New_IP,11,Unscaled,240,10,128,1e-06,80,1,0.2968651692569256,0.05673470927609338
LSTM_EncDec_New_IP_11F_timeF_Unscaled_240Seq_10Pred_0Label_128Batch_1e-06LR_80Hidden_1LayerDim_dilate,2023-08-31 20:48:46.439078,LSTM,New_IP,11,Unscaled,240,10,128,1e-06,80,1,0.2968651692569256,0.05673470927609338
LSTM_EncDec_New_IP_11F_timeF_Unscaled_240Seq_10Pred_0Label_128Batch_1e-06LR_80Hidden_1LayerDim_dilate,2023-08-31 20:58:15.011139,LSTM,New_IP,11,Unscaled,240,10,128,1e-06,80,1,0.2968651692569256,0.05673470927609338
LSTM_EncDec_New_IP_11F_timeF_Unscaled_240Seq_10Pred_0Label_128Batch_1e-06LR_80Hidden_1LayerDim_dilate,2023-08-31 20:59:13.546261,LSTM,New_IP,11,Unscaled,240,10,128,1e-06,80,1,0.2968651692569256,0.05673470927609338
LSTM_EncDec_New_IP_11F_timeF_Unscaled_240Seq_10Pred_0Label_128Batch_1e-06LR_80Hidden_1LayerDim_dilate,2023-08-31 21:08:03.429514,LSTM,New_IP,11,Unscaled,240,10,128,1e-06,80,1,0.2968651692569256,0.05673470927609338
LSTM_EncDec_New_IP_11F_timeF_Unscaled_240Seq_10Pred_0Label_128Batch_1e-06LR_80Hidden_1LayerDim_dilate,2023-08-31 21:34:19.768301,LSTM,New_IP,11,Unscaled,240,10,128,1e-06,80,1,0.2968651692569256,0.05673470927609338
LSTM_EncDec_New_IP_11F_timeF_Unscaled_240Seq_10Pred_0Label_128Batch_1e-06LR_80Hidden_1LayerDim_dilate,2023-08-31 21:49:59.640802,LSTM,New_IP,11,Unscaled,240,10,128,1e-06,80,1,0.2968651692569256,0.05673470927609338
LSTM_EncDec_New_IP_11F_timeF_Unscaled_240Seq_10Pred_0Label_128Batch_1e-06LR_80Hidden_1LayerDim_dilate,2023-08-31 21:51:38.738606,LSTM,New_IP,11,Unscaled,240,10,128,1e-06,80,1,0.2968651692569256,0.05673470927609338
LSTM_EncDec_New_IP_11F_timeF_Unscaled_240Seq_10Pred_0Label_128Batch_1e-06LR_80Hidden_1LayerDim_dilate,2023-08-31 22:08:31.405567,LSTM,New_IP,11,Unscaled,240,10,128,1e-06,80,1,0.2968651692569256,0.05673470927609338
LSTM_EncDec_New_IP_11F_timeF_Unscaled_240Seq_10Pred_0Label_128Batch_1e-06LR_80Hidden_1LayerDim_dilate,2023-08-31 22:12:56.708453,LSTM,New_IP,11,Unscaled,240,10,128,1e-06,80,1,0.2968651692569256,0.05673470927609338
LSTM_EncDec_New_IP_11F_timeF_Unscaled_240Seq_10Pred_0Label_128Batch_1e-06LR_80Hidden_1LayerDim_dilate,2023-08-31 22:15:57.178064,LSTM,New_IP,11,Unscaled,240,10,128,1e-06,80,1,0.2968651692569256,0.05673470927609338
LSTM_EncDec_New_IP_11F_timeF_Unscaled_240Seq_10Pred_0Label_128Batch_1e-06LR_80Hidden_1LayerDim_dilate,2023-09-01 10:03:47.739677,LSTM,New_IP,11,Unscaled,240,10,128,1e-06,80,1,0.26900085762143133,0.058007307143674955
LSTM_EncDec_New_IP_11F_timeF_Unscaled_240Seq_10Pred_0Label_128Batch_1e-06LR_80Hidden_1LayerDim_dilate,2023-09-01 10:03:47.745657,LSTM,New_IP,11,Unscaled,240,10,128,1e-06,80,1,0.26900085762143133,0.058007307143674955
LSTM_EncDec_New_IP_11F_timeF_Unscaled_240Seq_10Pred_0Label_128Batch_1e-06LR_80Hidden_1LayerDim_dilate,2023-09-01 10:09:44.844563,LSTM,New_IP,11,Unscaled,240,10,128,1e-06,80,1,0.2725388923287392,0.057392365402645536
LSTM_EncDec_New_IP_11F_timeF_Unscaled_240Seq_10Pred_0Label_128Batch_1e-06LR_80Hidden_1LayerDim_dilate,2023-09-01 10:10:35.844503,LSTM,New_IP,11,Unscaled,240,10,128,1e-06,80,1,0.2725388923287392,0.057392365402645536
LSTM_EncDec_New_IP_11F_timeF_Unscaled_240Seq_10Pred_0Label_128Batch_1e-06LR_80Hidden_1LayerDim_dilate,2023-09-01 10:17:30.160348,LSTM,New_IP,11,Unscaled,240,10,128,1e-06,80,1,0.2725388923287392,0.057392365402645536
LSTM_EncDec_New_IP_11F_timeF_Unscaled_240Seq_10Pred_0Label_128Batch_1e-06LR_80Hidden_1LayerDim_dilate,2023-09-01 10:24:09.647987,LSTM,New_IP,11,Unscaled,240,10,128,1e-06,80,1,0.26900085762143133,0.058007307143674955
LSTM_EncDec_New_IP_11F_timeF_Unscaled_240Seq_10Pred_0Label_128Batch_1e-06LR_80Hidden_1LayerDim_dilate,2023-09-01 10:24:09.652969,LSTM,New_IP,11,Unscaled,240,10,128,1e-06,80,1,0.26900085762143133,0.058007307143674955
LSTM_EncDec_New_IP_11F_timeF_Unscaled_240Seq_10Pred_0Label_128Batch_1e-06LR_80Hidden_1LayerDim,2023-09-01 10:41:35.783155,LSTM,New_IP,11,Unscaled,240,10,128,1e-06,80,1,0.059360033683478836,0.051252113241288394
LSTM_EncDec_New_IP_11F_timeF_Unscaled_240Seq_60Pred_0Label_128Batch_1e-06LR_80Hidden_1LayerDim_dilate,2023-09-01 10:54:03.346113,LSTM,New_IP,11,Unscaled,240,60,128,1e-06,80,1,1.5641146343946457,0.055907167959958315
LSTM_EncDec_New_IP_11F_timeF_Unscaled_240Seq_60Pred_0Label_128Batch_1e-06LR_80Hidden_1LayerDim_dilate,2023-09-01 11:08:29.748810,LSTM,New_IP,11,Unscaled,240,60,128,1e-06,80,1,2.331400500833988,0.055105084320530295
LSTM_EncDec_New_IP_11F_timeF_Unscaled_240Seq_60Pred_0Label_128Batch_1e-06LR_80Hidden_1LayerDim_dilate,2023-09-01 11:16:34.719235,LSTM,New_IP,11,Unscaled,240,60,128,1e-06,80,1,1.6846592354774474,0.05423868936486542
LSTM_EncDec_New_IP_11F_timeF_Unscaled_240Seq_120Pred_0Label_128Batch_1e-06LR_80Hidden_1LayerDim_dilate,2023-09-01 11:54:15.344931,LSTM,New_IP,11,Unscaled,240,120,128,1e-06,80,1,3.0442501752048123,0.05180715164169669
LSTM_EncDec_New_IP_11F_timeF_Unscaled_240Seq_120Pred_0Label_128Batch_1e-06LR_80Hidden_1LayerDim_dilate,2023-09-01 13:04:09.649523,LSTM,New_IP,11,Unscaled,240,120,128,1e-06,80,1,3.0442501752048123,0.05180715164169669
LSTM_EncDec_New_IP_11F_timeF_Unscaled_240Seq_120Pred_0Label_128Batch_0.001LR_80Hidden_1LayerDim_dilate,2023-09-01 15:28:52.011565,LSTM,New_IP,11,Unscaled,240,120,128,0.001,80,1,1.3930045874143133,0.062389612663537264
LSTM_EncDec_New_IP_11F_timeF_Unscaled_240Seq_120Pred_0Label_128Batch_0.001LR_80Hidden_1LayerDim_dilate,2023-09-01 15:54:20.580167,LSTM,New_IP,11,Unscaled,240,120,128,0.001,80,1,1.5179356970653242,0.05226855189539492
LSTM_EncDec_New_IP_11F_timeF_Unscaled_240Seq_120Pred_0Label_128Batch_0.001LR_80Hidden_1LayerDim_dilate,2023-09-01 15:54:20.586214,LSTM,New_IP,11,Unscaled,240,120,128,0.001,80,1,1.5179356970653242,0.05226855189539492
LSTM_EncDec_IOTNNP_12F_timeF_Unscaled_240Seq_0Label_128Batch_1e-06LR_80Hidden_1LayerDim_dilate,2023-10-11 14:05:44.157758,LSTM,IOTNNP,12,Unscaled,240,1,128,1e-06,80,1,0.14523789130828596,0.31377277597784997
LSTM_EncDec_IOTNNP_12F_timeF_Unscaled_240Seq_0Label_128Batch_1e-06LR_80Hidden_1LayerDim_dilate,2023-10-11 14:07:08.498203,LSTM,IOTNNP,12,Unscaled,240,1,128,1e-06,80,1,0.14526003494181416,0.3131077252328396
LSTM_EncDec_IOTNNP_12F_timeF_Unscaled_240Seq_0Label_128Batch_1e-06LR_80Hidden_1LayerDim_dilate,2023-10-11 14:08:19.522485,LSTM,IOTNNP,12,Unscaled,240,1,128,1e-06,80,1,0.14523789130828596,0.31377277597784997
LSTM_EncDec_IOTNNP_12F_timeF_Unscaled_240Seq_0Label_128Batch_1e-06LR_80Hidden_1LayerDim_dilate,2023-10-11 14:09:16.503537,LSTM,IOTNNP,12,Unscaled,240,1,128,1e-06,80,1,0.14526003494181416,0.3131077252328396
LSTM_EncDec_IOTNNP_12F_timeF_Unscaled_240Seq_0Label_128Batch_1e-06LR_80Hidden_1LayerDim_dilate,2023-10-11 14:15:02.502867,LSTM,IOTNNP,12,Unscaled,240,1,128,1e-06,80,1,0.14526003494181416,0.3131077252328396
LSTM_EncDec_IOTNNP_12F_timeF_Unscaled_240Seq_0Label_128Batch_1e-06LR_80Hidden_1LayerDim_dilate,2023-10-11 14:22:33.619725,LSTM,IOTNNP,12,Unscaled,240,1,128,1e-06,80,1,0.14526003494181416,0.3131077252328396
LSTM_EncDec_IOTNNP_12F_timeF_Unscaled_240Seq_0Label_128Batch_1e-06LR_80Hidden_1LayerDim_dilate,2023-10-11 15:22:07.124676,LSTM,IOTNNP,12,Unscaled,240,1,128,1e-06,80,1,0.14526003494181416,0.3131077252328396
LSTM_EncDec_IOTNNP_12F_timeF_Unscaled_240Seq_0Label_128Batch_1e-06LR_80Hidden_1LayerDim_dilate,2023-10-11 15:24:50.520835,LSTM,IOTNNP,12,Unscaled,240,1,128,1e-06,80,1,0.14526003494181416,0.3131077252328396
LSTM_EncDec_IOTNNP_12F_timeF_Unscaled_240Seq_0Label_128Batch_1e-06LR_80Hidden_1LayerDim_dilate,2023-10-11 15:27:03.832448,LSTM,IOTNNP,12,Unscaled,240,1,128,1e-06,80,1,0.14526003494181416,0.3131077252328396
LSTM_EncDec_IOTNNP_12F_timeF_Unscaled_240Seq_0Label_128Batch_1e-06LR_80Hidden_1LayerDim_dilate,2023-10-11 15:48:42.840720,LSTM,IOTNNP,12,Unscaled,240,1,128,1e-06,80,1,0.14526003494181416,0.3131077252328396
LSTM_EncDec_IOTNNP_12F_timeF_Unscaled_240Seq_0Label_128Batch_1e-06LR_80Hidden_1LayerDim_dilate,2023-10-11 15:51:27.864943,LSTM,IOTNNP,12,Unscaled,240,1,128,1e-06,80,1,0.14526003494181416,0.3131077252328396
LSTM_EncDec_IOTNNP_12F_timeF_Unscaled_240Seq_0Label_128Batch_1e-06LR_80Hidden_1LayerDim_dilate,2023-10-11 16:01:45.276362,LSTM,IOTNNP,12,Unscaled,240,1,128,1e-06,80,1,0.14526003494181416,0.3131077252328396
LSTM_EncDec_IOTNNP_12F_timeF_Unscaled_240Seq_0Label_128Batch_1e-06LR_80Hidden_1LayerDim_dilate,2023-10-11 16:10:39.903442,LSTM,IOTNNP,12,Unscaled,240,1,128,1e-06,80,1,0.14526003494181416,0.3131077252328396
LSTM_EncDec_IOTNNP_12F_4Out_timeF_Unscaled_240Seq_0Label_128Batch_1e-06LR_80H_1L_dilate,2023-10-13 12:38:52.997708,LSTM,IOTNNP,12,Unscaled,240,1,128,1e-06,80,1,0.14526003494181416,0.3131077252328396
LSTM_EncDec_IOTNNP_12F_4Out_timeF_Unscaled_240Seq_0Label_128Batch_1e-06LR_80H_1L_dilate,2023-10-13 12:54:02.548095,LSTM,IOTNNP,12,Unscaled,240,1,128,1e-06,80,1,0.14526003494181416,0.3131077252328396
LSTM_EncDec_IOTNNP_12F_4Out_timeF_Unscaled_240Seq_0Label_128Batch_1e-06LR_80H_1L_dilate,2023-10-13 13:13:20.952725,LSTM,IOTNNP,12,Unscaled,240,1,128,1e-06,80,1,0.14526003494181416,0.3131077252328396
LSTM_EncDec_IOTNNP_12F_4Out_timeF_Unscaled_240Seq_0Label_128Batch_1e-06LR_80H_1L_dilate,2023-10-13 13:20:00.820283,LSTM,IOTNNP,12,Unscaled,240,1,128,1e-06,80,1,0.14526003494181416,0.3131077252328396
LSTM_EncDec_IOTNNP_12F_4Out_timeF_Unscaled_240Seq_0Label_128Batch_1e-06LR_80H_1L_dilate,2023-10-13 13:26:05.893783,LSTM,IOTNNP,12,Unscaled,240,1,128,1e-06,80,1,0.14526003494181416,0.3131077252328396
LSTM_EncDec_IOTNNP_12F_4Out_timeF_Unscaled_240Seq_0Label_128Batch_1e-06LR_80H_1L_dilate,2023-10-13 13:28:58.653100,LSTM,IOTNNP,12,Unscaled,240,1,128,1e-06,80,1,0.14526003494181416,0.3131077252328396
LSTM_EncDec_IOTNNP_12F_4Out_timeF_Unscaled_240Seq_0Label_128Batch_1e-06LR_80H_1L_dilate,2023-10-13 13:32:40.638742,LSTM,IOTNNP,12,Unscaled,240,1,128,1e-06,80,1,0.14526003494181416,0.3131077252328396
LSTM_EncDec_IOTNNP_12F_4Out_timeF_Unscaled_240Seq_0Label_128Batch_1e-06LR_80H_1L_dilate,2023-10-13 13:41:15.640833,LSTM,IOTNNP,12,Unscaled,240,1,128,1e-06,80,1,0.14526003494181416,0.3131077252328396
LSTM_EncDec_IOTNNP_12F_4Out_timeF_Unscaled_240Seq_0Label_128Batch_1e-06LR_80H_1L_dilate,2023-10-13 13:53:54.378521,LSTM,IOTNNP,12,Unscaled,240,1,128,1e-06,80,1,0.14526003494181416,0.3131077252328396
LSTM_EncDec_IOTNNP_12F_4Out_timeF_Unscaled_240Seq_0Label_128Batch_1e-06LR_80H_1L_dilate,2023-10-13 14:00:00.884861,LSTM,IOTNNP,12,Unscaled,240,1,128,1e-06,80,1,0.14526003494181416,0.3131077252328396
LSTM_EncDec_IOP_9F_1Out_timeF_Unscaled_240Seq_0Label_128Batch_1e-06LR_80H_1L_dilate,2023-10-13 14:02:55.178883,LSTM,IOP,9,Unscaled,240,1,128,1e-06,80,1,0.06018804982304573,0.06482185423374176
LSTM_IOP_9F_1Out_timeF_Unscaled_240Seq_0Label_128Batch_1e-06LR_80H_1L_dilate,2023-10-13 15:17:10.225834,LSTM,IOP,9,Unscaled,240,1,128,1e-06,80,1,0.029074027690909464,0.07951859422028065
LSTM_IOTNNP_12F_4Out_timeF_Unscaled_240Seq_0Label_128Batch_1e-06LR_80H_1L_dilate,2023-10-13 15:18:36.972809,LSTM,IOTNNP,12,Unscaled,240,1,128,1e-06,80,1,0.12786561123688112,0.3215476356446743
LSTM_EncDec_IOTNNP_12F_4Out_timeF_Unscaled_240Seq_10Pred_0Label_128Batch_1e-06LR_80H_1L_dilate,2023-10-13 15:26:45.620180,LSTM,IOTNNP,12,Unscaled,240,10,128,1e-06,80,1,1.5144300040873615,0.3686735361814499
LSTM_EncDec_IOTNNP_12F_4Out_timeF_Unscaled_240Seq_10Pred_0Label_128Batch_1e-06LR_80H_1L_dilate,2023-10-13 15:30:14.845976,LSTM,IOTNNP,12,Unscaled,240,10,128,1e-06,80,1,1.5144300040873615,0.3686735361814499
LSTM_EncDec_IOTNNP_12F_4Out_timeF_Unscaled_240Seq_10Pred_0Label_128Batch_1e-06LR_80H_1L_dilate,2023-10-13 15:33:48.595052,LSTM,IOTNNP,12,Unscaled,240,10,128,1e-06,80,1,1.5144300040873615,0.3686735361814499
LSTM_EncDec_IOTNNP_12F_4Out_timeF_Unscaled_240Seq_10Pred_0Label_128Batch_1e-06LR_80H_1L_dilate,2023-10-13 15:38:47.429567,LSTM,IOTNNP,12,Unscaled,240,10,128,1e-06,80,1,1.5144300040873615,0.3686735361814499
LSTM_EncDec_IOTNNP_12F_4Out_timeF_Unscaled_240Seq_10Pred_0Label_128Batch_1e-06LR_80H_1L,2023-10-13 15:44:09.707343,LSTM,IOTNNP,12,Unscaled,240,10,128,1e-06,80,1,0.19021160199560902,0.3686996638774872
LSTM_EncDec_IOTNNP_12F_4Out_timeF_Unscaled_240Seq_10Pred_0Label_128Batch_1e-06LR_80H_1L,2023-10-13 15:51:02.832944,LSTM,IOTNNP,12,Unscaled,240,10,128,1e-06,80,1,0.19021160199560902,0.3686996638774872
LSTM_EncDec_IOTNNP_12F_4Out_timeF_Scaled_240Seq_10Pred_0Label_128Batch_1e-06LR_80H_1L,2023-10-13 15:53:53.609141,LSTM,IOTNNP,12,Scaled,240,10,128,1e-06,80,1,0.1901203355328603,0.36846594586968423
LSTM_EncDec_IOTNNP_12F_4Out_timeF_Scaled_240Seq_10Pred_0Label_128Batch_1e-06LR_80H_1L,2023-10-13 16:05:17.268511,LSTM,IOTNNP,12,Scaled,240,10,128,1e-06,80,1,0.1901203355328603,0.36846594586968423
LSTM_EncDec_IOTNNP_12F_4Out_timeF_Scaled_240Seq_10Pred_0Label_128Batch_1e-06LR_80H_1L,2023-10-13 16:08:02.271551,LSTM,IOTNNP,12,Scaled,240,10,128,1e-06,80,1,0.1901203355328603,0.36846594586968423
LSTM_EncDec_IOTNNP_12F_3Out_timeF_Scaled_240Seq_10Pred_0Label_128Batch_1e-06LR_80H_1L,2023-11-10 17:19:21.766492,LSTM,IOTNNP,12,Scaled,240,10,128,1e-06,80,1,0.09228172058408911,0.27756653176620605
LSTM_EncDec_IOTNNP_12F_2Out_timeF_Scaled_240Seq_10Pred_0Label_128Batch_1e-06LR_80H_1L,2023-11-13 11:06:33.217798,LSTM,IOTNNP,12,Scaled,240,10,128,1e-06,80,1,0.07277422293343327,0.15770584549754857
LSTM_EncDec_IOTQCfP_12F_1Out_timeF_Scaled_240Seq_10Pred_0Label_128Batch_1e-06LR_80H_1L,2023-11-13 14:54:25.355361,LSTM,IOTQCfP,12,Scaled,240,10,128,1e-06,80,1,0.044295409105887466,0.09507260890677571
LSTM_EncDec_IOTQCfP_12F_1Out_timeF_Scaled_240Seq_10Pred_0Label_128Batch_1e-06LR_80H_1L,2023-11-13 15:18:25.667197,LSTM,IOTQCfP,12,Scaled,240,10,128,1e-06,80,1,0.044295409105887466,0.09507260890677571
LSTM_IOTQCfP_12F_1Out_timeF_Scaled_240Seq_10Pred_0Label_128Batch_1e-06LR_80H_1L,2023-11-13 15:26:54.378323,LSTM,IOTQCfP,12,Scaled,240,10,128,1e-06,80,1,0.0365530120886185,0.07706837607547641
LSTM_IOTQCfP_12F_1Out_timeF_Scaled_240Seq_10Pred_0Label_128Batch_1e-06LR_80H_1L,2023-11-13 15:37:25.366986,LSTM,IOTQCfP,12,Scaled,240,10,128,1e-06,80,1,0.0365530120886185,0.07706837607547641
LSTM_IOTQCfP_12F_1Out_timeF_Scaled_240Seq_10Pred_0Label_128Batch_1e-06LR_80H_1L,2023-11-13 15:40:57.919331,LSTM,IOTQCfP,12,Scaled,240,10,128,1e-06,80,1,0.0365530120886185,0.07706837607547641
LSTM_IOTQCfP_12F_1Out_timeF_Scaled_240Seq_10Pred_0Label_128Batch_1e-06LR_80H_1L,2023-11-13 15:49:44.159681,LSTM,IOTQCfP,12,Scaled,240,10,128,1e-06,80,1,0.0365530120886185,0.07706837607547641
LSTM_IOTQCfP_12F_1Out_timeF_Scaled_240Seq_10Pred_0Label_128Batch_1e-06LR_80H_1L,2023-11-14 13:50:00.095962,LSTM,IOTQCfP,12,Scaled,240,10,128,1e-06,80,1,0.0365530120886185,0.07706837607547641
LSTM_IOTQCfP_12F_1Out_timeF_Scaled_240Seq_10Pred_0Label_128Batch_1e-06LR_80H_1L_dilate,2023-11-16 16:29:53.097891,LSTM,IOTQCfP,12,Scaled,240,10,128,1e-06,80,1,0.29337121668187055,0.07981818672269583
LSTM_IOTQCfP_12F_1Out_timeF_Scaled_240Seq_10Pred_0Label_128Batch_1e-06LR_80H_1L,2023-11-16 16:32:20.219046,LSTM,IOTQCfP,12,Scaled,240,10,128,1e-06,80,1,0.0365530120886185,0.07706837607547641
LSTM_IOTQCfP_12F_1Out_timeF_Scaled_240Seq_10Pred_0Label_128Batch_1e-06LR_80H_1L,2023-11-16 16:41:58.750185,LSTM,IOTQCfP,12,Scaled,240,10,128,1e-06,80,1,0.024932429181750527,0.06288822286296636
LSTM_IOTQCfP_12F_1Out_timeF_Scaled_240Seq_10Pred_0Label_128Batch_1e-06LR_80H_1L,2023-11-16 16:43:32.540266,LSTM,IOTQCfP,12,Scaled,240,10,128,1e-06,80,1,0.024932429181750527,0.06288822286296636
LSTM_IOTQCfP_12F_1Out_timeF_Scaled_240Seq_10Pred_0Label_128Batch_1e-06LR_80H_1L,2023-11-16 20:57:04.926149,LSTM,IOTQCfP,12,Scaled,240,10,128,1e-06,80,1,0.024932429181750527,0.06288822286296636
LSTM_IOTQCfP_12F_1Out_timeF_Scaled_240Seq_10Pred_0Label_128Batch_1e-06LR_80H_1L,2023-11-17 12:28:14.251415,LSTM,IOTQCfP,12,Scaled,240,10,128,1e-06,80,1,0.024932429181750527,0.06288822286296636
LSTM_IOPTQCfP_13F_3Out_timeF_Unscaled_90Seq_128Batch_1e-06LR_80H_1L,2023-12-13 17:02:22.194588,LSTM,IOPTQCfP,13,Unscaled,90,1,128,1e-06,80,1,0.02665540497816567,0.0422396238215945
LSTM_IOPTQCfP_13F_3Out_timeF_Unscaled_90Seq_128Batch_1e-06LR_80H_1L,2023-12-13 17:06:17.799899,LSTM,IOPTQCfP,13,Unscaled,90,1,128,1e-06,80,1,0.02665540497816567,0.0422396238215945
LSTM_IOPTQCfP_13F_3Out_timeF_Unscaled_90Seq_128Batch_1e-06LR_80H_1L,2023-12-13 17:07:44.761799,LSTM,IOPTQCfP,13,Unscaled,90,1,128,1e-06,80,1,0.02665540497816567,0.0422396238215945
LSTM_IOPTQCfP_13F_3Out_timeF_Unscaled_90Seq_128Batch_1e-06LR_80H_1L,2023-12-13 17:12:45.979956,LSTM,IOPTQCfP,13,Unscaled,90,1,128,1e-06,80,1,0.02665540497816567,0.0422396238215945
LSTM_IOPTQCfP_13F_3Out_timeF_Unscaled_90Seq_128Batch_1e-06LR_80H_1L,2023-12-13 17:21:57.154548,LSTM,IOPTQCfP,13,Unscaled,90,1,128,1e-06,80,1,0.02665540497816567,0.0422396238215945
LSTM_IOPTQCfP_13F_3Out_timeF_Unscaled_90Seq_128Batch_1e-06LR_80H_1L,2023-12-13 17:25:21.415584,LSTM,IOPTQCfP,13,Unscaled,90,1,128,1e-06,80,1,0.02665540497816567,0.0422396238215945
LSTM_IOPTQCfP_13F_3Out_timeF_Unscaled_90Seq_128Batch_1e-06LR_80H_1L,2023-12-13 17:29:47.003385,LSTM,IOPTQCfP,13,Unscaled,90,1,128,1e-06,80,1,0.02665540497816567,0.0422396238215945
LSTM_IOPTQCfP_13F_3Out_timeF_Unscaled_90Seq_128Batch_1e-06LR_80H_1L,2023-12-13 17:34:01.328840,LSTM,IOPTQCfP,13,Unscaled,90,1,128,1e-06,80,1,0.027982107629733428,0.04331446811556816
LSTM_IOPTQCfP_13F_3Out_timeF_Unscaled_90Seq_128Batch_1e-06LR_80H_1L,2023-12-13 17:36:47.880488,LSTM,IOPTQCfP,13,Unscaled,90,1,128,1e-06,80,1,0.027982107629733428,0.04331446811556816
LSTM_IOPTQCfP_13F_3Out_timeF_Unscaled_90Seq_128Batch_1e-06LR_80H_1L,2023-12-13 17:38:03.955957,LSTM,IOPTQCfP,13,Unscaled,90,1,128,1e-06,80,1,0.027982107629733428,0.04331446811556816
LSTM_IOPTQCfP_13F_3Out_timeF_Unscaled_90Seq_128Batch_1e-06LR_80H_1L,2023-12-13 17:40:18.347666,LSTM,IOPTQCfP,13,Unscaled,90,1,128,1e-06,80,1,0.027982107629733428,0.04331446811556816
LSTM_IOPTQCfP_13F_3Out_timeF_Unscaled_90Seq_128Batch_1e-06LR_80H_1L,2023-12-13 17:42:31.434304,LSTM,IOPTQCfP,13,Unscaled,90,1,128,1e-06,80,1,0.027982107629733428,0.04331446811556816
LSTM_IOPTQCfP_13F_3Out_timeF_Unscaled_90Seq_128Batch_1e-06LR_80H_1L,2023-12-13 17:51:05.107644,LSTM,IOPTQCfP,13,Unscaled,90,1,128,1e-06,80,1,0.027982107629733428,0.04331446811556816
LSTM_IOPTQCfP_13F_3Out_timeF_Unscaled_90Seq_128Batch_1e-06LR_80H_1L,2023-12-13 17:54:12.461650,LSTM,IOPTQCfP,13,Unscaled,90,1,128,1e-06,80,1,0.027982107629733428,0.04331446811556816
LSTM_IOPTQCfP_13F_3Out_timeF_Unscaled_90Seq_128Batch_1e-06LR_80H_1L,2023-12-13 18:59:53.518866,LSTM,IOPTQCfP,13,Unscaled,90,1,128,1e-06,80,1,0.027982107629733428,0.04331446811556816
LSTM_IOPTQCfP_13F_3Out_timeF_Unscaled_90Seq_128Batch_1e-06LR_80H_1L,2023-12-13 19:02:03.594059,LSTM,IOPTQCfP,13,Unscaled,90,1,128,1e-06,80,1,0.027982107629733428,0.04331446811556816
LSTM_IOPTQCfP_13F_3Out_timeF_Unscaled_90Seq_128Batch_1e-06LR_80H_1L,2023-12-13 19:07:05.530000,LSTM,IOPTQCfP,13,Unscaled,90,1,128,1e-06,80,1,0.027982107629733428,0.04331446811556816
LSTM_IOPTQCfP_13F_3Out_timeF_Unscaled_90Seq_128Batch_1e-06LR_80H_1L,2023-12-13 19:18:35.073702,LSTM,IOPTQCfP,13,Unscaled,90,1,128,1e-06,80,1,0.027982107629733428,0.04331446811556816
LSTM_IOPTQCfP_13F_1Out_timeF_Scaled_240Seq_0Label_128Batch_1e-06LR_80H_1L,2024-01-09 16:15:19.418330,LSTM,IOPTQCfP,13,Scaled,240,1,128,1e-06,80,1,0.021816800189712507,0.05744816022925079
LSTM_IOPTQCfP_13F_1Out_timeF_Scaled_240Seq_0Label_128Batch_1e-06LR_80H_1L,2024-01-09 16:16:19.772854,LSTM,IOPTQCfP,13,Scaled,240,1,128,1e-06,80,1,0.021816800189712507,0.05744816022925079
LSTM_IOPTQCfP_13F_1Out_timeF_Scaled_240Seq_0Label_128Batch_1e-06LR_80H_1L,2024-01-09 16:17:36.951721,LSTM,IOPTQCfP,13,Scaled,240,1,128,1e-06,80,1,0.021816800189712507,0.05744816022925079
N2O_LSTM_DQAPTQN_13F_1Out_timeF_Unscaled_240Seq_0Label_16Batch_1e-06LR_256H_2L,2024-01-19 13:24:12.952578,LSTM,DQAPTQN,13,Unscaled,240,1,16,1e-06,256,2,0.001769881336713297,nan
N2O_LSTM_DQAPTQN_13F_1Out_timeF_Unscaled_240Seq_0Label_16Batch_1e-06LR_256H_2L,2024-01-19 13:27:00.451316,LSTM,DQAPTQN,13,Unscaled,240,1,16,1e-06,256,2,0.03030767593277312,0.03504995277809088
N2O_LSTM_DQAPTQN_13F_1Out_timeF_Unscaled_240Seq_0Label_16Batch_1e-06LR_256H_2L,2024-01-19 13:28:54.959176,LSTM,DQAPTQN,13,Unscaled,240,1,16,1e-06,256,2,0.03030767593277312,0.03504995277809088
N2O_LSTM_DQAPTQN_13F_1Out_timeF_Unscaled_240Seq_0Label_16Batch_1e-06LR_256H_2L,2024-01-19 13:30:09.665374,LSTM,DQAPTQN,13,Unscaled,240,1,16,1e-06,256,2,0.03030767593277312,0.03504995277809088
N2O_LSTM_DQAPTQN_13F_1Out_timeF_Unscaled_240Seq_0Label_16Batch_1e-06LR_256H_2L,2024-01-19 13:33:06.500549,LSTM,DQAPTQN,13,Unscaled,240,1,16,1e-06,256,2,0.03030767593277312,0.03504995277809088
N2O_LSTM_DQAPTQN_13F_1Out_timeF_Unscaled_240Seq_0Label_16Batch_1e-06LR_256H_2L,2024-01-19 13:38:49.792356,LSTM,DQAPTQN,13,Unscaled,240,1,16,1e-06,256,2,0.03030767593277312,0.03504995277809088
N2O_LSTM_DQAPTQN_13F_1Out_timeF_Unscaled_240Seq_0Label_16Batch_1e-06LR_256H_2L,2024-01-19 13:48:08.964760,LSTM,DQAPTQN,13,Unscaled,240,1,16,1e-06,256,2,0.03030767593277312,0.03504995277809088
N2O_LSTM_DQAPTQN_13F_1Out_timeF_Unscaled_240Seq_0Label_16Batch_1e-06LR_256H_2L,2024-01-19 13:52:20.485817,LSTM,DQAPTQN,13,Unscaled,240,1,16,1e-06,256,2,0.03030767593277312,0.03504995277809088
N2O_LSTM_DQAPTQN_13F_1Out_timeF_Unscaled_240Seq_0Label_16Batch_1e-06LR_256H_2L,2024-01-19 14:19:45.097851,LSTM,DQAPTQN,13,Unscaled,240,1,16,1e-06,256,2,0.03030767593277312,0.03504995277809088
N2O_LSTM_DQAPTQN_13F_1Out_timeF_Unscaled_240Seq_0Label_16Batch_1e-06LR_256H_2L,2024-01-19 14:35:41.212655,LSTM,DQAPTQN,13,Unscaled,240,1,16,1e-06,256,2,0.03030767593277312,0.03504995277809088
N2O_LSTM_DQAPTQN_13F_1Out_timeF_Unscaled_240Seq_0Label_16Batch_1e-06LR_256H_2L,2024-01-19 14:37:54.190678,LSTM,DQAPTQN,13,Unscaled,240,1,16,1e-06,256,2,0.03030767593277312,0.03504995277809088
N2O_LSTM_DQAPTQN_13F_1Out_timeF_Unscaled_240Seq_0Label_16Batch_1e-06LR_256H_2L,2024-01-19 14:40:52.189194,LSTM,DQAPTQN,13,Unscaled,240,1,16,1e-06,256,2,0.03030767593277312,0.03504995277809088
N2O_LSTM_DQAPTQN_13F_1Out_timeF_Unscaled_240Seq_0Label_16Batch_1e-06LR_256H_2L,2024-01-19 14:43:18.931385,LSTM,DQAPTQN,13,Unscaled,240,1,16,1e-06,256,2,0.03030767593277312,0.03504995277809088
N2O_LSTM_DQAPTQN_13F_1Out_timeF_Unscaled_240Seq_0Label_16Batch_1e-06LR_256H_2L,2024-01-19 14:44:39.848549,LSTM,DQAPTQN,13,Unscaled,240,1,16,1e-06,256,2,0.03030767593277312,0.03504995277809088
